{"cameraMode":{"drawMode":0,"name":"Shaded","section":"Shading Mode"},"sceneLighting":false,"audioPlay":false,"sceneViewState":{"showFog":false,"showMaterialUpdate":false,"showSkybox":false,"showFlares":false,"showImageEffects":false,"showParticleSystems":false},"in2DMode":false,"pivot":{"x":14.243325233459473,"y":14.130173683166504,"z":0.8516794443130493},"rotation":{"x":-0.01805364154279232,"y":0.16629278659820558,"z":-0.0030451565980911257,"w":-0.9859064817428589},"size":2.37833571434021,"orthographic":false}